file_name,label
y_1.jpg,1
y_10.jpg,1
y_100.jpg,1
y_101.jpg,1
y_102.jpg,1
y_103.jpg,1
y_104.jpg,1
y_105.jpg,1
y_106.jpg,1
y_107.jpg,1
y_108.jpg,1
y_109.jpg,1
y_11.jpg,1
y_110.jpg,1
y_111.jpg,1
y_112.jpg,1
y_113.jpg,1
y_114.jpg,1
y_115.jpg,1
y_116.jpg,1
y_117.jpg,1
y_118.jpg,1
y_119.jpg,1
y_12.jpg,1
y_120.jpg,1
y_121.jpg,1
y_122.jpg,1
y_123.jpg,1
y_124.jpg,1
y_125.jpg,1
y_126.jpg,1
y_127.jpg,1
y_128.jpg,1
y_129.jpg,1
y_13.jpg,1
y_130.jpg,1
y_131.jpg,1
y_132.jpg,1
y_133.jpg,1
y_134.jpg,1
y_135.jpg,1
y_136.jpg,1
y_137.jpg,1
y_138.jpg,1
y_139.jpg,1
y_14.jpg,1
y_140.jpg,1
y_141.jpg,1
y_142.jpg,1
y_143.jpg,1
y_144.jpg,1
y_145.jpg,1
y_146.jpg,1
y_147.jpg,1
y_148.jpg,1
y_149.jpg,1
y_15.jpg,1
y_150.jpg,1
y_151.jpg,1
y_152.jpg,1
y_153.jpg,1
y_154.jpg,1
y_155.jpg,1
y_156.jpg,1
y_157.jpg,1
y_158.jpg,1
y_159.jpg,1
y_16.jpg,1
y_160.jpg,1
y_161.jpg,1
y_162.jpg,1
y_163.jpg,1
y_164.jpg,1
y_165.jpg,1
y_166.jpg,1
y_167.jpg,1
y_168.jpg,1
y_169.jpg,1
y_17.jpg,1
y_170.jpg,1
y_171.jpg,1
y_19.jpg,1
y_2.jpg,1
y_20.jpg,1
y_21.jpg,1
y_25.jpg,1
y_26.jpg,1
y_27.jpg,1
y_28.jpg,1
y_3.jpg,1
y_30.jpg,1
y_32.jpg,1
y_33.jpg,1
y_34.jpg,1
y_35.jpg,1
y_36.jpg,1
y_37.jpg,1
y_38.jpg,1
y_39.jpg,1
y_4.jpg,1
y_40.jpg,1
y_41.jpg,1
y_42.jpg,1
y_43.jpg,1
y_44.jpg,1
y_45.jpg,1
y_46.jpg,1
y_5.jpg,1
y_50.jpg,1
y_53.jpg,1
y_54.jpg,1
y_55.jpg,1
y_56.jpg,1
y_57.jpg,1
y_58.jpg,1
y_59.jpg,1
y_6.jpg,1
y_61.jpg,1
y_62.jpg,1
y_64.jpg,1
y_67.jpg,1
y_68.jpg,1
y_69.jpg,1
y_7.jpg,1
y_70.jpg,1
y_71.jpg,1
y_72.jpg,1
y_73.jpg,1
y_77.jpg,1
y_79.jpg,1
y_8.jpg,1
y_81.jpg,1
y_82.jpg,1
y_84.jpg,1
y_85.jpg,1
y_86.jpg,1
y_87.jpg,1
y_88.jpg,1
y_89.jpg,1
y_9.jpg,1
y_90.jpg,1
y_91.jpg,1
y_93.jpg,1
y_94.jpg,1
y_98.jpg,1
